manufacturer,printer_model,region,consumable_type,consumable_part_number,colour,formulation,yield_pages,yield_standard,verification_status,source_url,source_title,checked_on,notes
Brother,PT-18RKT,US,label tape,HGES2415PK,Black on White,Original/OEM,,,verified,https://www.brother-usa.com/p/p-touch-label-tapes/HGES2415PK,Brother HGe tape cartridge 18mm black on white with strong adhesive,2026-10-08,"Brother USA page lists this model; US listing, check the Canadian part number before ordering. Tape is 8 m long, 5 per pack. Width 18 mm."
Brother,PT-9200PC,US,label tape,HGES2415PK,Black on White,Original/OEM,,,verified,https://www.brother-usa.com/p/p-touch-label-tapes/HGES2415PK,Brother HGe tape cartridge 18mm black on white with strong adhesive,2026-10-08,"Brother USA page lists this model; US listing, check the Canadian part number before ordering. Tape is 8 m long, 5 per pack. Width 18 mm."
Brother,PT-9500PC,US,label tape,HGES2415PK,Black on White,Original/OEM,,,verified,https://www.brother-usa.com/p/p-touch-label-tapes/HGES2415PK,Brother HGe tape cartridge 18mm black on white with strong adhesive,2026-10-08,"Brother USA page lists this model; US listing, check the Canadian part number before ordering. Tape is 8 m long, 5 per pack. Width 18 mm."
Brother,PT-9700PC,US,label tape,HGES2415PK,Black on White,Original/OEM,,,verified,https://www.brother-usa.com/p/p-touch-label-tapes/HGES2415PK,Brother HGe tape cartridge 18mm black on white with strong adhesive,2026-10-08,"Brother USA page lists this model; US listing, check the Canadian part number before ordering. Tape is 8 m long, 5 per pack. Width 18 mm."
Brother,PT-9800PCN,US,label tape,HGES2415PK,Black on White,Original/OEM,,,verified,https://www.brother-usa.com/p/p-touch-label-tapes/HGES2415PK,Brother HGe tape cartridge 18mm black on white with strong adhesive,2026-10-08,"Brother USA page lists this model; US listing, check the Canadian part number before ordering. Tape is 8 m long, 5 per pack. Width 18 mm."
Brother,PT-E300,US,label tape,HGES2415PK,Black on White,Original/OEM,,,verified,https://www.brother-usa.com/p/p-touch-label-tapes/HGES2415PK,Brother HGe tape cartridge 18mm black on white with strong adhesive,2026-10-08,"Brother USA page lists this model; US listing, check the Canadian part number before ordering. Tape is 8 m long, 5 per pack. Width 18 mm."
Brother,PT-E500,US,label tape,HGES2415PK,Black on White,Original/OEM,,,verified,https://www.brother-usa.com/p/p-touch-label-tapes/HGES2415PK,Brother HGe tape cartridge 18mm black on white with strong adhesive,2026-10-08,"Brother USA page lists this model; US listing, check the Canadian part number before ordering. Tape is 8 m long, 5 per pack. Width 18 mm."
Brother,PT-E550W,US,label tape,HGES2415PK,Black on White,Original/OEM,,,verified,https://www.brother-usa.com/p/p-touch-label-tapes/HGES2415PK,Brother HGe tape cartridge 18mm black on white with strong adhesive,2026-10-08,"Brother USA page lists this model; US listing, check the Canadian part number before ordering. Tape is 8 m long, 5 per pack. Width 18 mm."
Brother,PT-E800W,US,label tape,HGES2415PK,Black on White,Original/OEM,,,verified,https://www.brother-usa.com/p/p-touch-label-tapes/HGES2415PK,Brother HGe tape cartridge 18mm black on white with strong adhesive,2026-10-08,"Brother USA page lists this model; US listing, check the Canadian part number before ordering. Tape is 8 m long, 5 per pack. Width 18 mm."
Brother,PT-P750WVP,US,label tape,HGES2415PK,Black on White,Original/OEM,,,verified,https://www.brother-usa.com/p/p-touch-label-tapes/HGES2415PK,Brother HGe tape cartridge 18mm black on white with strong adhesive,2026-10-08,"Brother USA page lists this model; US listing, check the Canadian part number before ordering. Tape is 8 m long, 5 per pack. Width 18 mm."
Brother,PT-P900,US,label tape,HGES2415PK,Black on White,Original/OEM,,,verified,https://www.brother-usa.com/p/p-touch-label-tapes/HGES2415PK,Brother HGe tape cartridge 18mm black on white with strong adhesive,2026-10-08,"Brother USA page lists this model; US listing, check the Canadian part number before ordering. Tape is 8 m long, 5 per pack. Width 18 mm."
Brother,PT-P900W,US,label tape,HGES2415PK,Black on White,Original/OEM,,,verified,https://www.brother-usa.com/p/p-touch-label-tapes/HGES2415PK,Brother HGe tape cartridge 18mm black on white with strong adhesive,2026-10-08,"Brother USA page lists this model; US listing, check the Canadian part number before ordering. Tape is 8 m long, 5 per pack. Width 18 mm."
Brother,PT-P950NW,US,label tape,HGES2415PK,Black on White,Original/OEM,,,verified,https://www.brother-usa.com/p/p-touch-label-tapes/HGES2415PK,Brother HGe tape cartridge 18mm black on white with strong adhesive,2026-10-08,"Brother USA page lists this model; US listing, check the Canadian part number before ordering. Tape is 8 m long, 5 per pack. Width 18 mm."
Brother,PT-9200PC,US,label tape,HGES2515PK,Black on White,Original/OEM,,,verified,https://www.brother-usa.com/p/p-touch-label-tapes/HGES2515PK,Brother HGe tape cartridge 24mm black on white with strong adhesive,2026-10-08,"Brother USA page lists this model; US listing, check the Canadian part number before ordering. Tape is 8 m long, 5 per pack. Width 24 mm."
Brother,PT-9500PC,US,label tape,HGES2515PK,Black on White,Original/OEM,,,verified,https://www.brother-usa.com/p/p-touch-label-tapes/HGES2515PK,Brother HGe tape cartridge 24mm black on white with strong adhesive,2026-10-08,"Brother USA page lists this model; US listing, check the Canadian part number before ordering. Tape is 8 m long, 5 per pack. Width 24 mm."
Brother,PT-9700PC,US,label tape,HGES2515PK,Black on White,Original/OEM,,,verified,https://www.brother-usa.com/p/p-touch-label-tapes/HGES2515PK,Brother HGe tape cartridge 24mm black on white with strong adhesive,2026-10-08,"Brother USA page lists this model; US listing, check the Canadian part number before ordering. Tape is 8 m long, 5 per pack. Width 24 mm."
Brother,PT-9800PCN,US,label tape,HGES2515PK,Black on White,Original/OEM,,,verified,https://www.brother-usa.com/p/p-touch-label-tapes/HGES2515PK,Brother HGe tape cartridge 24mm black on white with strong adhesive,2026-10-08,"Brother USA page lists this model; US listing, check the Canadian part number before ordering. Tape is 8 m long, 5 per pack. Width 24 mm."
Brother,PT-E500,US,label tape,HGES2515PK,Black on White,Original/OEM,,,verified,https://www.brother-usa.com/p/p-touch-label-tapes/HGES2515PK,Brother HGe tape cartridge 24mm black on white with strong adhesive,2026-10-08,"Brother USA page lists this model; US listing, check the Canadian part number before ordering. Tape is 8 m long, 5 per pack. Width 24 mm."
Brother,PT-E550W,US,label tape,HGES2515PK,Black on White,Original/OEM,,,verified,https://www.brother-usa.com/p/p-touch-label-tapes/HGES2515PK,Brother HGe tape cartridge 24mm black on white with strong adhesive,2026-10-08,"Brother USA page lists this model; US listing, check the Canadian part number before ordering. Tape is 8 m long, 5 per pack. Width 24 mm."
Brother,PT-E800W,US,label tape,HGES2515PK,Black on White,Original/OEM,,,verified,https://www.brother-usa.com/p/p-touch-label-tapes/HGES2515PK,Brother HGe tape cartridge 24mm black on white with strong adhesive,2026-10-08,"Brother USA page lists this model; US listing, check the Canadian part number before ordering. Tape is 8 m long, 5 per pack. Width 24 mm."
Brother,PT-P750WVP,US,label tape,HGES2515PK,Black on White,Original/OEM,,,verified,https://www.brother-usa.com/p/p-touch-label-tapes/HGES2515PK,Brother HGe tape cartridge 24mm black on white with strong adhesive,2026-10-08,"Brother USA page lists this model; US listing, check the Canadian part number before ordering. Tape is 8 m long, 5 per pack. Width 24 mm."
Brother,PT-P900,US,label tape,HGES2515PK,Black on White,Original/OEM,,,verified,https://www.brother-usa.com/p/p-touch-label-tapes/HGES2515PK,Brother HGe tape cartridge 24mm black on white with strong adhesive,2026-10-08,"Brother USA page lists this model; US listing, check the Canadian part number before ordering. Tape is 8 m long, 5 per pack. Width 24 mm."
Brother,PT-P900W,US,label tape,HGES2515PK,Black on White,Original/OEM,,,verified,https://www.brother-usa.com/p/p-touch-label-tapes/HGES2515PK,Brother HGe tape cartridge 24mm black on white with strong adhesive,2026-10-08,"Brother USA page lists this model; US listing, check the Canadian part number before ordering. Tape is 8 m long, 5 per pack. Width 24 mm."
Brother,PT-P950NW,US,label tape,HGES2515PK,Black on White,Original/OEM,,,verified,https://www.brother-usa.com/p/p-touch-label-tapes/HGES2515PK,Brother HGe tape cartridge 24mm black on white with strong adhesive,2026-10-08,"Brother USA page lists this model; US listing, check the Canadian part number before ordering. Tape is 8 m long, 5 per pack. Width 24 mm."
Brother,PT-9700PC,US,label tape,HGES2615PK,Black on White,Original/OEM,,,verified,https://www.brother-usa.com/p/p-touch-label-tapes/HGES2615PK,Brother HGe tape cartridge 36mm black on white with strong adhesive,2026-10-08,"Brother USA page lists this model; US listing, check the Canadian part number before ordering. Tape is 8 m long, 5 per pack. Width 36 mm."
Brother,PT-9800PCN,US,label tape,HGES2615PK,Black on White,Original/OEM,,,verified,https://www.brother-usa.com/p/p-touch-label-tapes/HGES2615PK,Brother HGe tape cartridge 36mm black on white with strong adhesive,2026-10-08,"Brother USA page lists this model; US listing, check the Canadian part number before ordering. Tape is 8 m long, 5 per pack. Width 36 mm."
Brother,PT-E800W,US,label tape,HGES2615PK,Black on White,Original/OEM,,,verified,https://www.brother-usa.com/p/p-touch-label-tapes/HGES2615PK,Brother HGe tape cartridge 36mm black on white with strong adhesive,2026-10-08,"Brother USA page lists this model; US listing, check the Canadian part number before ordering. Tape is 8 m long, 5 per pack. Width 36 mm."
Brother,PT-P900,US,label tape,HGES2615PK,Black on White,Original/OEM,,,verified,https://www.brother-usa.com/p/p-touch-label-tapes/HGES2615PK,Brother HGe tape cartridge 36mm black on white with strong adhesive,2026-10-08,"Brother USA page lists this model; US listing, check the Canadian part number before ordering. Tape is 8 m long, 5 per pack. Width 36 mm."
Brother,PT-P900W,US,label tape,HGES2615PK,Black on White,Original/OEM,,,verified,https://www.brother-usa.com/p/p-touch-label-tapes/HGES2615PK,Brother HGe tape cartridge 36mm black on white with strong adhesive,2026-10-08,"Brother USA page lists this model; US listing, check the Canadian part number before ordering. Tape is 8 m long, 5 per pack. Width 36 mm."
Brother,PT-P950NW,US,label tape,HGES2615PK,Black on White,Original/OEM,,,verified,https://www.brother-usa.com/p/p-touch-label-tapes/HGES2615PK,Brother HGe tape cartridge 36mm black on white with strong adhesive,2026-10-08,"Brother USA page lists this model; US listing, check the Canadian part number before ordering. Tape is 8 m long, 5 per pack. Width 36 mm."
Brother,HL-L3210CW,US,toner,TN227BK,Black,Original/OEM,3000,ISO/IEC 19798 (letter/A4),verified,https://www.brother-usa.com/products/TN227BK,Brother TN227BK Black Toner Cartridge,2026-10-08,"Brother USA ""For use with"" list; US listing, check the Canadian part number. Source says up to 3000 pages."
Brother,HL-L3230CDW,US,toner,TN227BK,Black,Original/OEM,3000,ISO/IEC 19798 (letter/A4),verified,https://www.brother-usa.com/products/TN227BK,Brother TN227BK Black Toner Cartridge,2026-10-08,"Brother USA ""For use with"" list; US listing, check the Canadian part number. Source says up to 3000 pages."
Brother,HL-L3270CDW,US,toner,TN227BK,Black,Original/OEM,3000,ISO/IEC 19798 (letter/A4),verified,https://www.brother-usa.com/products/TN227BK,Brother TN227BK Black Toner Cartridge,2026-10-08,"Brother USA ""For use with"" list; US listing, check the Canadian part number. Source says up to 3000 pages."
Brother,HL-L3290CDW,US,toner,TN227BK,Black,Original/OEM,3000,ISO/IEC 19798 (letter/A4),verified,https://www.brother-usa.com/products/TN227BK,Brother TN227BK Black Toner Cartridge,2026-10-08,"Brother USA ""For use with"" list; US listing, check the Canadian part number. Source says up to 3000 pages."
Brother,MFC-L3710CW,US,toner,TN227BK,Black,Original/OEM,3000,ISO/IEC 19798 (letter/A4),verified,https://www.brother-usa.com/products/TN227BK,Brother TN227BK Black Toner Cartridge,2026-10-08,"Brother USA ""For use with"" list; US listing, check the Canadian part number. Source says up to 3000 pages."
Brother,MFC-L3750CDW,US,toner,TN227BK,Black,Original/OEM,3000,ISO/IEC 19798 (letter/A4),verified,https://www.brother-usa.com/products/TN227BK,Brother TN227BK Black Toner Cartridge,2026-10-08,"Brother USA ""For use with"" list; US listing, check the Canadian part number. Source says up to 3000 pages."
Brother,MFC-L3770CDW,US,toner,TN227BK,Black,Original/OEM,3000,ISO/IEC 19798 (letter/A4),verified,https://www.brother-usa.com/products/TN227BK,Brother TN227BK Black Toner Cartridge,2026-10-08,"Brother USA ""For use with"" list; US listing, check the Canadian part number. Source says up to 3000 pages."
Xerox,B305,US,toner,006R04376,Black,Original/OEM,3000,ISO/IEC 19752,verified,https://www.shop.xerox.com/006r04376,Xerox 006R04376 Standard Capacity Toner Cartridge,2026-10-08,Xerox US shop lists this under Compatible Products; check Canadian availability.
Xerox,B310,US,toner,006R04376,Black,Original/OEM,3000,ISO/IEC 19752,verified,https://www.shop.xerox.com/006r04376,Xerox 006R04376 Standard Capacity Toner Cartridge,2026-10-08,Xerox US shop lists this under Compatible Products; check Canadian availability.
Xerox,B315,US,toner,006R04376,Black,Original/OEM,3000,ISO/IEC 19752,verified,https://www.shop.xerox.com/006r04376,Xerox 006R04376 Standard Capacity Toner Cartridge,2026-10-08,Xerox US shop lists this under Compatible Products; check Canadian availability.
Konica Minolta,bizhub C368,CA,toner,TN324C,Cyan,Original/OEM,,,verified,https://www.konicaminolta.com/about/csr/environment/communication/msds-ca/pdf/summary/MFP-4192-1.pdf,"Safety Data Sheet MFP-4192-1, TONER TN324C (Konica Minolta Business Solutions Canada)",2026-10-08,"Source is the manufacturer Canada SDS (""used for: bizhub C368/C308/C258"", revised 2021-03-10). SDS gives no yield."
Konica Minolta,bizhub C308,CA,toner,TN324C,Cyan,Original/OEM,,,verified,https://www.konicaminolta.com/about/csr/environment/communication/msds-ca/pdf/summary/MFP-4192-1.pdf,"Safety Data Sheet MFP-4192-1, TONER TN324C (Konica Minolta Business Solutions Canada)",2026-10-08,"Source is the manufacturer Canada SDS (""used for: bizhub C368/C308/C258"", revised 2021-03-10). SDS gives no yield."
Konica Minolta,bizhub C258,CA,toner,TN324C,Cyan,Original/OEM,,,verified,https://www.konicaminolta.com/about/csr/environment/communication/msds-ca/pdf/summary/MFP-4192-1.pdf,"Safety Data Sheet MFP-4192-1, TONER TN324C (Konica Minolta Business Solutions Canada)",2026-10-08,"Source is the manufacturer Canada SDS (""used for: bizhub C368/C308/C258"", revised 2021-03-10). SDS gives no yield."
HP,LaserJet Enterprise 700 color MFP M775 series,US,maintenance kit,CE514A,,Original/OEM,150000,,needs_review,https://www.hp.com/us-en/shop/pdp/hp-laserjet-ce514a-110v-maintenance-kit,HP LaserJet CE514A 110V Maintenance Kit,2026-10-08,"HP page names the series only; the individual-model list was not visible. 110V kit. Yield 150,000 pages as stated by HP, standard not given. Confirm exact models."
Kyocera,TASKalfa 3252ci,,toner,TK-8337C,Cyan,Original/OEM,,,unverified,,,2026-10-08,Only retailer listings found; no official Kyocera page located. Needs a Kyocera source.
Kyocera,TASKalfa 3253ci,,toner,TK-8337C,Cyan,Original/OEM,,,needs_review,https://www.kyoceradocumentsolutions.com/in/en/products/mfp/taskalfa-6053ci/option.html,Kyocera TASKalfa 2553ci/3253ci/4053ci/5053ci/6053ci Related Products,2026-10-08,Conflict: Kyocera lists TK-8339 as the 3253ci toner kit; some retailers list TK-8337. Do not publish as compatible until confirmed.
Brother,HL-L3210CW,CA,toner,TN227BK,Black,Original/OEM,3000,,verified,https://www.brother.ca/en/p/TN227BK,Brother Genuine TN-227BK High Yield Black Toner Cartridge - Brother Canada,2026-10-08,"Brother Canada compatibility list. Source says average/up to 3,000 pages and names no yield standard. The Canadian list omits HL-L3230CDW, which the US page lists."
Brother,HL-L3270CDW,CA,toner,TN227BK,Black,Original/OEM,3000,,verified,https://www.brother.ca/en/p/TN227BK,Brother Genuine TN-227BK High Yield Black Toner Cartridge - Brother Canada,2026-10-08,"Brother Canada compatibility list. Source says average/up to 3,000 pages and names no yield standard. The Canadian list omits HL-L3230CDW, which the US page lists."
Brother,HL-L3290CDW,CA,toner,TN227BK,Black,Original/OEM,3000,,verified,https://www.brother.ca/en/p/TN227BK,Brother Genuine TN-227BK High Yield Black Toner Cartridge - Brother Canada,2026-10-08,"Brother Canada compatibility list. Source says average/up to 3,000 pages and names no yield standard. The Canadian list omits HL-L3230CDW, which the US page lists."
Brother,MFC-L3710CW,CA,toner,TN227BK,Black,Original/OEM,3000,,verified,https://www.brother.ca/en/p/TN227BK,Brother Genuine TN-227BK High Yield Black Toner Cartridge - Brother Canada,2026-10-08,"Brother Canada compatibility list. Source says average/up to 3,000 pages and names no yield standard. The Canadian list omits HL-L3230CDW, which the US page lists."
Brother,MFC-L3750CDW,CA,toner,TN227BK,Black,Original/OEM,3000,,verified,https://www.brother.ca/en/p/TN227BK,Brother Genuine TN-227BK High Yield Black Toner Cartridge - Brother Canada,2026-10-08,"Brother Canada compatibility list. Source says average/up to 3,000 pages and names no yield standard. The Canadian list omits HL-L3230CDW, which the US page lists."
Brother,MFC-L3770CDW,CA,toner,TN227BK,Black,Original/OEM,3000,,verified,https://www.brother.ca/en/p/TN227BK,Brother Genuine TN-227BK High Yield Black Toner Cartridge - Brother Canada,2026-10-08,"Brother Canada compatibility list. Source says average/up to 3,000 pages and names no yield standard. The Canadian list omits HL-L3230CDW, which the US page lists."
Brother,PT-9200PC,CA,label tape,HGES2415PK,Black on White,Original/OEM,,,verified,https://www.brother.ca/en/p/HGES2415PK,Brother HGES2415 Pack Black on White HGe 18 mm Tape with Extra Strength Adhesive - Brother Canada,2026-10-08,"Brother Canada ""Compatible with"" list; model names use Canadian VP suffixes. 18 mm, 8 m per tape, 5-pack. Page showed the product out of stock on the check date."
Brother,PT-9500PC,CA,label tape,HGES2415PK,Black on White,Original/OEM,,,verified,https://www.brother.ca/en/p/HGES2415PK,Brother HGES2415 Pack Black on White HGe 18 mm Tape with Extra Strength Adhesive - Brother Canada,2026-10-08,"Brother Canada ""Compatible with"" list; model names use Canadian VP suffixes. 18 mm, 8 m per tape, 5-pack. Page showed the product out of stock on the check date."
Brother,PT-E300VP,CA,label tape,HGES2415PK,Black on White,Original/OEM,,,verified,https://www.brother.ca/en/p/HGES2415PK,Brother HGES2415 Pack Black on White HGe 18 mm Tape with Extra Strength Adhesive - Brother Canada,2026-10-08,"Brother Canada ""Compatible with"" list; model names use Canadian VP suffixes. 18 mm, 8 m per tape, 5-pack. Page showed the product out of stock on the check date."
Brother,PT-E500VP,CA,label tape,HGES2415PK,Black on White,Original/OEM,,,verified,https://www.brother.ca/en/p/HGES2415PK,Brother HGES2415 Pack Black on White HGe 18 mm Tape with Extra Strength Adhesive - Brother Canada,2026-10-08,"Brother Canada ""Compatible with"" list; model names use Canadian VP suffixes. 18 mm, 8 m per tape, 5-pack. Page showed the product out of stock on the check date."
Brother,PT-E550WVP,CA,label tape,HGES2415PK,Black on White,Original/OEM,,,verified,https://www.brother.ca/en/p/HGES2415PK,Brother HGES2415 Pack Black on White HGe 18 mm Tape with Extra Strength Adhesive - Brother Canada,2026-10-08,"Brother Canada ""Compatible with"" list; model names use Canadian VP suffixes. 18 mm, 8 m per tape, 5-pack. Page showed the product out of stock on the check date."
Brother,PT-P900W,CA,label tape,HGES2415PK,Black on White,Original/OEM,,,verified,https://www.brother.ca/en/p/HGES2415PK,Brother HGES2415 Pack Black on White HGe 18 mm Tape with Extra Strength Adhesive - Brother Canada,2026-10-08,"Brother Canada ""Compatible with"" list; model names use Canadian VP suffixes. 18 mm, 8 m per tape, 5-pack. Page showed the product out of stock on the check date."
Brother,PT-P950NW,CA,label tape,HGES2415PK,Black on White,Original/OEM,,,verified,https://www.brother.ca/en/p/HGES2415PK,Brother HGES2415 Pack Black on White HGe 18 mm Tape with Extra Strength Adhesive - Brother Canada,2026-10-08,"Brother Canada ""Compatible with"" list; model names use Canadian VP suffixes. 18 mm, 8 m per tape, 5-pack. Page showed the product out of stock on the check date."
Brother,PT-D800W,CA,label tape,HGES2415PK,Black on White,Original/OEM,,,verified,https://www.brother.ca/en/p/HGES2415PK,Brother HGES2415 Pack Black on White HGe 18 mm Tape with Extra Strength Adhesive - Brother Canada,2026-10-08,"Brother Canada ""Compatible with"" list; model names use Canadian VP suffixes. 18 mm, 8 m per tape, 5-pack. Page showed the product out of stock on the check date."
Brother,PT-P900Wc,CA,label tape,HGES2415PK,Black on White,Original/OEM,,,verified,https://www.brother.ca/en/p/HGES2415PK,Brother HGES2415 Pack Black on White HGe 18 mm Tape with Extra Strength Adhesive - Brother Canada,2026-10-08,"Brother Canada ""Compatible with"" list; model names use Canadian VP suffixes. 18 mm, 8 m per tape, 5-pack. Page showed the product out of stock on the check date."
Brother,PT-E510VP,CA,label tape,HGES2415PK,Black on White,Original/OEM,,,verified,https://www.brother.ca/en/p/HGES2415PK,Brother HGES2415 Pack Black on White HGe 18 mm Tape with Extra Strength Adhesive - Brother Canada,2026-10-08,"Brother Canada ""Compatible with"" list; model names use Canadian VP suffixes. 18 mm, 8 m per tape, 5-pack. Page showed the product out of stock on the check date."
Brother,PT-E560BTVP,CA,label tape,HGES2415PK,Black on White,Original/OEM,,,verified,https://www.brother.ca/en/p/HGES2415PK,Brother HGES2415 Pack Black on White HGe 18 mm Tape with Extra Strength Adhesive - Brother Canada,2026-10-08,"Brother Canada ""Compatible with"" list; model names use Canadian VP suffixes. 18 mm, 8 m per tape, 5-pack. Page showed the product out of stock on the check date."
Brother,PT-E310BTVP,CA,label tape,HGES2415PK,Black on White,Original/OEM,,,verified,https://www.brother.ca/en/p/HGES2415PK,Brother HGES2415 Pack Black on White HGe 18 mm Tape with Extra Strength Adhesive - Brother Canada,2026-10-08,"Brother Canada ""Compatible with"" list; model names use Canadian VP suffixes. 18 mm, 8 m per tape, 5-pack. Page showed the product out of stock on the check date."
Brother,PT-9200PC,CA,label tape,HGES2615PK,Black on White,Original/OEM,,,verified,https://www.brother.ca/en/p/HGES2615PK,Brother HGES2615 5-Pack Black on White HGe 36mm Tape - Brother Canada,2026-10-08,"Brother Canada ""Compatible with"" list. 36 mm, 8 m per tape, 5-pack. Differs from the US list (no PT-9700PC, PT-9800PCN or PT-E800W here)."
Brother,PT-9500PC,CA,label tape,HGES2615PK,Black on White,Original/OEM,,,verified,https://www.brother.ca/en/p/HGES2615PK,Brother HGES2615 5-Pack Black on White HGe 36mm Tape - Brother Canada,2026-10-08,"Brother Canada ""Compatible with"" list. 36 mm, 8 m per tape, 5-pack. Differs from the US list (no PT-9700PC, PT-9800PCN or PT-E800W here)."
Brother,PT-P900W,CA,label tape,HGES2615PK,Black on White,Original/OEM,,,verified,https://www.brother.ca/en/p/HGES2615PK,Brother HGES2615 5-Pack Black on White HGe 36mm Tape - Brother Canada,2026-10-08,"Brother Canada ""Compatible with"" list. 36 mm, 8 m per tape, 5-pack. Differs from the US list (no PT-9700PC, PT-9800PCN or PT-E800W here)."
Brother,PT-P950NW,CA,label tape,HGES2615PK,Black on White,Original/OEM,,,verified,https://www.brother.ca/en/p/HGES2615PK,Brother HGES2615 5-Pack Black on White HGe 36mm Tape - Brother Canada,2026-10-08,"Brother Canada ""Compatible with"" list. 36 mm, 8 m per tape, 5-pack. Differs from the US list (no PT-9700PC, PT-9800PCN or PT-E800W here)."
Brother,PT-D800W,CA,label tape,HGES2615PK,Black on White,Original/OEM,,,verified,https://www.brother.ca/en/p/HGES2615PK,Brother HGES2615 5-Pack Black on White HGe 36mm Tape - Brother Canada,2026-10-08,"Brother Canada ""Compatible with"" list. 36 mm, 8 m per tape, 5-pack. Differs from the US list (no PT-9700PC, PT-9800PCN or PT-E800W here)."
Brother,PT-P900Wc,CA,label tape,HGES2615PK,Black on White,Original/OEM,,,verified,https://www.brother.ca/en/p/HGES2615PK,Brother HGES2615 5-Pack Black on White HGe 36mm Tape - Brother Canada,2026-10-08,"Brother Canada ""Compatible with"" list. 36 mm, 8 m per tape, 5-pack. Differs from the US list (no PT-9700PC, PT-9800PCN or PT-E800W here)."
Xerox,B305,CA,toner,006R04376,Black,Original/OEM,3000,,verified,https://www.shop.xerox.ca/en/006r04376,Xerox B305/B310/B315 Black Toner - 006R04376 - Shop Xerox Canada,2026-10-08,"Xerox Canada shop lists these models; source says approximately 3,000 pages, standard capacity, and names no yield standard."
Xerox,B310,CA,toner,006R04376,Black,Original/OEM,3000,,verified,https://www.shop.xerox.ca/en/006r04376,Xerox B305/B310/B315 Black Toner - 006R04376 - Shop Xerox Canada,2026-10-08,"Xerox Canada shop lists these models; source says approximately 3,000 pages, standard capacity, and names no yield standard."
Xerox,B315,CA,toner,006R04376,Black,Original/OEM,3000,,verified,https://www.shop.xerox.ca/en/006r04376,Xerox B305/B310/B315 Black Toner - 006R04376 - Shop Xerox Canada,2026-10-08,"Xerox Canada shop lists these models; source says approximately 3,000 pages, standard capacity, and names no yield standard."
Brother,PT-9200PC,CA,label tape,HGE2215PK,Black on White,Original/OEM,,,verified,https://www.brother.ca/en/p/HGE2215PK,Brother Canada HGE2215PK HGe tape page,2026-10-08,"Brother Canada ""Compatible with"" list. 9 mm, 8 m per tape, 5-pack, standard adhesive. The page spec table says tape colour ""White"" while the title says black on white."
Brother,PT-9500PC,CA,label tape,HGE2215PK,Black on White,Original/OEM,,,verified,https://www.brother.ca/en/p/HGE2215PK,Brother Canada HGE2215PK HGe tape page,2026-10-08,"Brother Canada ""Compatible with"" list. 9 mm, 8 m per tape, 5-pack, standard adhesive. The page spec table says tape colour ""White"" while the title says black on white."
Brother,PT-E300VP,CA,label tape,HGE2215PK,Black on White,Original/OEM,,,verified,https://www.brother.ca/en/p/HGE2215PK,Brother Canada HGE2215PK HGe tape page,2026-10-08,"Brother Canada ""Compatible with"" list. 9 mm, 8 m per tape, 5-pack, standard adhesive. The page spec table says tape colour ""White"" while the title says black on white."
Brother,PT-E500VP,CA,label tape,HGE2215PK,Black on White,Original/OEM,,,verified,https://www.brother.ca/en/p/HGE2215PK,Brother Canada HGE2215PK HGe tape page,2026-10-08,"Brother Canada ""Compatible with"" list. 9 mm, 8 m per tape, 5-pack, standard adhesive. The page spec table says tape colour ""White"" while the title says black on white."
Brother,PT-E550WVP,CA,label tape,HGE2215PK,Black on White,Original/OEM,,,verified,https://www.brother.ca/en/p/HGE2215PK,Brother Canada HGE2215PK HGe tape page,2026-10-08,"Brother Canada ""Compatible with"" list. 9 mm, 8 m per tape, 5-pack, standard adhesive. The page spec table says tape colour ""White"" while the title says black on white."
Brother,PT-P900W,CA,label tape,HGE2215PK,Black on White,Original/OEM,,,verified,https://www.brother.ca/en/p/HGE2215PK,Brother Canada HGE2215PK HGe tape page,2026-10-08,"Brother Canada ""Compatible with"" list. 9 mm, 8 m per tape, 5-pack, standard adhesive. The page spec table says tape colour ""White"" while the title says black on white."
Brother,PT-P950NW,CA,label tape,HGE2215PK,Black on White,Original/OEM,,,verified,https://www.brother.ca/en/p/HGE2215PK,Brother Canada HGE2215PK HGe tape page,2026-10-08,"Brother Canada ""Compatible with"" list. 9 mm, 8 m per tape, 5-pack, standard adhesive. The page spec table says tape colour ""White"" while the title says black on white."
Brother,PT-E110VP,CA,label tape,HGE2215PK,Black on White,Original/OEM,,,verified,https://www.brother.ca/en/p/HGE2215PK,Brother Canada HGE2215PK HGe tape page,2026-10-08,"Brother Canada ""Compatible with"" list. 9 mm, 8 m per tape, 5-pack, standard adhesive. The page spec table says tape colour ""White"" while the title says black on white."
Brother,PT-D800W,CA,label tape,HGE2215PK,Black on White,Original/OEM,,,verified,https://www.brother.ca/en/p/HGE2215PK,Brother Canada HGE2215PK HGe tape page,2026-10-08,"Brother Canada ""Compatible with"" list. 9 mm, 8 m per tape, 5-pack, standard adhesive. The page spec table says tape colour ""White"" while the title says black on white."
Brother,PT-P900Wc,CA,label tape,HGE2215PK,Black on White,Original/OEM,,,verified,https://www.brother.ca/en/p/HGE2215PK,Brother Canada HGE2215PK HGe tape page,2026-10-08,"Brother Canada ""Compatible with"" list. 9 mm, 8 m per tape, 5-pack, standard adhesive. The page spec table says tape colour ""White"" while the title says black on white."
Brother,PT-E510VP,CA,label tape,HGE2215PK,Black on White,Original/OEM,,,verified,https://www.brother.ca/en/p/HGE2215PK,Brother Canada HGE2215PK HGe tape page,2026-10-08,"Brother Canada ""Compatible with"" list. 9 mm, 8 m per tape, 5-pack, standard adhesive. The page spec table says tape colour ""White"" while the title says black on white."
Brother,PT-E560BTVP,CA,label tape,HGE2215PK,Black on White,Original/OEM,,,verified,https://www.brother.ca/en/p/HGE2215PK,Brother Canada HGE2215PK HGe tape page,2026-10-08,"Brother Canada ""Compatible with"" list. 9 mm, 8 m per tape, 5-pack, standard adhesive. The page spec table says tape colour ""White"" while the title says black on white."
Brother,PT-E310BTVP,CA,label tape,HGE2215PK,Black on White,Original/OEM,,,verified,https://www.brother.ca/en/p/HGE2215PK,Brother Canada HGE2215PK HGe tape page,2026-10-08,"Brother Canada ""Compatible with"" list. 9 mm, 8 m per tape, 5-pack, standard adhesive. The page spec table says tape colour ""White"" while the title says black on white."
Brother,PT-9200PC,CA,label tape,HGE2315PK,Black on White,Original/OEM,,,verified,https://www.brother.ca/en/p/HGE2315PK,Brother Canada HGE2315PK HGe tape page,2026-10-08,"Brother Canada ""Compatible with"" list. 12 mm, 8 m per tape, 5-pack, standard adhesive. The page spec table says tape colour ""White"" while the title says black on white."
Brother,PT-9500PC,CA,label tape,HGE2315PK,Black on White,Original/OEM,,,verified,https://www.brother.ca/en/p/HGE2315PK,Brother Canada HGE2315PK HGe tape page,2026-10-08,"Brother Canada ""Compatible with"" list. 12 mm, 8 m per tape, 5-pack, standard adhesive. The page spec table says tape colour ""White"" while the title says black on white."
Brother,PT-E300VP,CA,label tape,HGE2315PK,Black on White,Original/OEM,,,verified,https://www.brother.ca/en/p/HGE2315PK,Brother Canada HGE2315PK HGe tape page,2026-10-08,"Brother Canada ""Compatible with"" list. 12 mm, 8 m per tape, 5-pack, standard adhesive. The page spec table says tape colour ""White"" while the title says black on white."
Brother,PT-E500VP,CA,label tape,HGE2315PK,Black on White,Original/OEM,,,verified,https://www.brother.ca/en/p/HGE2315PK,Brother Canada HGE2315PK HGe tape page,2026-10-08,"Brother Canada ""Compatible with"" list. 12 mm, 8 m per tape, 5-pack, standard adhesive. The page spec table says tape colour ""White"" while the title says black on white."
Brother,PT-E550WVP,CA,label tape,HGE2315PK,Black on White,Original/OEM,,,verified,https://www.brother.ca/en/p/HGE2315PK,Brother Canada HGE2315PK HGe tape page,2026-10-08,"Brother Canada ""Compatible with"" list. 12 mm, 8 m per tape, 5-pack, standard adhesive. The page spec table says tape colour ""White"" while the title says black on white."
Brother,PT-P900W,CA,label tape,HGE2315PK,Black on White,Original/OEM,,,verified,https://www.brother.ca/en/p/HGE2315PK,Brother Canada HGE2315PK HGe tape page,2026-10-08,"Brother Canada ""Compatible with"" list. 12 mm, 8 m per tape, 5-pack, standard adhesive. The page spec table says tape colour ""White"" while the title says black on white."
Brother,PT-P950NW,CA,label tape,HGE2315PK,Black on White,Original/OEM,,,verified,https://www.brother.ca/en/p/HGE2315PK,Brother Canada HGE2315PK HGe tape page,2026-10-08,"Brother Canada ""Compatible with"" list. 12 mm, 8 m per tape, 5-pack, standard adhesive. The page spec table says tape colour ""White"" while the title says black on white."
Brother,PT-E110VP,CA,label tape,HGE2315PK,Black on White,Original/OEM,,,verified,https://www.brother.ca/en/p/HGE2315PK,Brother Canada HGE2315PK HGe tape page,2026-10-08,"Brother Canada ""Compatible with"" list. 12 mm, 8 m per tape, 5-pack, standard adhesive. The page spec table says tape colour ""White"" while the title says black on white."
Brother,PT-D800W,CA,label tape,HGE2315PK,Black on White,Original/OEM,,,verified,https://www.brother.ca/en/p/HGE2315PK,Brother Canada HGE2315PK HGe tape page,2026-10-08,"Brother Canada ""Compatible with"" list. 12 mm, 8 m per tape, 5-pack, standard adhesive. The page spec table says tape colour ""White"" while the title says black on white."
Brother,PT-P900Wc,CA,label tape,HGE2315PK,Black on White,Original/OEM,,,verified,https://www.brother.ca/en/p/HGE2315PK,Brother Canada HGE2315PK HGe tape page,2026-10-08,"Brother Canada ""Compatible with"" list. 12 mm, 8 m per tape, 5-pack, standard adhesive. The page spec table says tape colour ""White"" while the title says black on white."
Brother,PT-E510VP,CA,label tape,HGE2315PK,Black on White,Original/OEM,,,verified,https://www.brother.ca/en/p/HGE2315PK,Brother Canada HGE2315PK HGe tape page,2026-10-08,"Brother Canada ""Compatible with"" list. 12 mm, 8 m per tape, 5-pack, standard adhesive. The page spec table says tape colour ""White"" while the title says black on white."
Brother,PT-E560BTVP,CA,label tape,HGE2315PK,Black on White,Original/OEM,,,verified,https://www.brother.ca/en/p/HGE2315PK,Brother Canada HGE2315PK HGe tape page,2026-10-08,"Brother Canada ""Compatible with"" list. 12 mm, 8 m per tape, 5-pack, standard adhesive. The page spec table says tape colour ""White"" while the title says black on white."
Brother,PT-E310BTVP,CA,label tape,HGE2315PK,Black on White,Original/OEM,,,verified,https://www.brother.ca/en/p/HGE2315PK,Brother Canada HGE2315PK HGe tape page,2026-10-08,"Brother Canada ""Compatible with"" list. 12 mm, 8 m per tape, 5-pack, standard adhesive. The page spec table says tape colour ""White"" while the title says black on white."
Brother,PT-9200PC,CA,label tape,HGE2415PK,Black on White,Original/OEM,,,verified,https://www.brother.ca/en/p/HGE2415PK,Brother Canada HGE2415PK HGe tape page,2026-10-08,"Brother Canada ""Compatible with"" list. 18 mm, 8 m per tape, 5-pack, standard adhesive. The page spec table says tape colour ""White"" while the title says black on white."
Brother,PT-9500PC,CA,label tape,HGE2415PK,Black on White,Original/OEM,,,verified,https://www.brother.ca/en/p/HGE2415PK,Brother Canada HGE2415PK HGe tape page,2026-10-08,"Brother Canada ""Compatible with"" list. 18 mm, 8 m per tape, 5-pack, standard adhesive. The page spec table says tape colour ""White"" while the title says black on white."
Brother,PT-E300VP,CA,label tape,HGE2415PK,Black on White,Original/OEM,,,verified,https://www.brother.ca/en/p/HGE2415PK,Brother Canada HGE2415PK HGe tape page,2026-10-08,"Brother Canada ""Compatible with"" list. 18 mm, 8 m per tape, 5-pack, standard adhesive. The page spec table says tape colour ""White"" while the title says black on white."
Brother,PT-E500VP,CA,label tape,HGE2415PK,Black on White,Original/OEM,,,verified,https://www.brother.ca/en/p/HGE2415PK,Brother Canada HGE2415PK HGe tape page,2026-10-08,"Brother Canada ""Compatible with"" list. 18 mm, 8 m per tape, 5-pack, standard adhesive. The page spec table says tape colour ""White"" while the title says black on white."
Brother,PT-E550WVP,CA,label tape,HGE2415PK,Black on White,Original/OEM,,,verified,https://www.brother.ca/en/p/HGE2415PK,Brother Canada HGE2415PK HGe tape page,2026-10-08,"Brother Canada ""Compatible with"" list. 18 mm, 8 m per tape, 5-pack, standard adhesive. The page spec table says tape colour ""White"" while the title says black on white."
Brother,PT-P900W,CA,label tape,HGE2415PK,Black on White,Original/OEM,,,verified,https://www.brother.ca/en/p/HGE2415PK,Brother Canada HGE2415PK HGe tape page,2026-10-08,"Brother Canada ""Compatible with"" list. 18 mm, 8 m per tape, 5-pack, standard adhesive. The page spec table says tape colour ""White"" while the title says black on white."
Brother,PT-P950NW,CA,label tape,HGE2415PK,Black on White,Original/OEM,,,verified,https://www.brother.ca/en/p/HGE2415PK,Brother Canada HGE2415PK HGe tape page,2026-10-08,"Brother Canada ""Compatible with"" list. 18 mm, 8 m per tape, 5-pack, standard adhesive. The page spec table says tape colour ""White"" while the title says black on white."
Brother,PT-D800W,CA,label tape,HGE2415PK,Black on White,Original/OEM,,,verified,https://www.brother.ca/en/p/HGE2415PK,Brother Canada HGE2415PK HGe tape page,2026-10-08,"Brother Canada ""Compatible with"" list. 18 mm, 8 m per tape, 5-pack, standard adhesive. The page spec table says tape colour ""White"" while the title says black on white."
Brother,PT-P900Wc,CA,label tape,HGE2415PK,Black on White,Original/OEM,,,verified,https://www.brother.ca/en/p/HGE2415PK,Brother Canada HGE2415PK HGe tape page,2026-10-08,"Brother Canada ""Compatible with"" list. 18 mm, 8 m per tape, 5-pack, standard adhesive. The page spec table says tape colour ""White"" while the title says black on white."
Brother,PT-E510VP,CA,label tape,HGE2415PK,Black on White,Original/OEM,,,verified,https://www.brother.ca/en/p/HGE2415PK,Brother Canada HGE2415PK HGe tape page,2026-10-08,"Brother Canada ""Compatible with"" list. 18 mm, 8 m per tape, 5-pack, standard adhesive. The page spec table says tape colour ""White"" while the title says black on white."
Brother,PT-E560BTVP,CA,label tape,HGE2415PK,Black on White,Original/OEM,,,verified,https://www.brother.ca/en/p/HGE2415PK,Brother Canada HGE2415PK HGe tape page,2026-10-08,"Brother Canada ""Compatible with"" list. 18 mm, 8 m per tape, 5-pack, standard adhesive. The page spec table says tape colour ""White"" while the title says black on white."
Brother,PT-E310BTVP,CA,label tape,HGE2415PK,Black on White,Original/OEM,,,verified,https://www.brother.ca/en/p/HGE2415PK,Brother Canada HGE2415PK HGe tape page,2026-10-08,"Brother Canada ""Compatible with"" list. 18 mm, 8 m per tape, 5-pack, standard adhesive. The page spec table says tape colour ""White"" while the title says black on white."
Brother,PT-9200PC,CA,label tape,HGES2115PK,Black on White,Original/OEM,,,verified,https://www.brother.ca/en/p/HGES2115PK,Brother Canada HGES2115PK HGe tape page,2026-10-08,"Brother Canada ""Compatible with"" list. 6 mm, 8 m per tape, 5-pack, extra-strength adhesive. The page spec table says tape colour ""White"" while the title says black on white."
Brother,PT-9500PC,CA,label tape,HGES2115PK,Black on White,Original/OEM,,,verified,https://www.brother.ca/en/p/HGES2115PK,Brother Canada HGES2115PK HGe tape page,2026-10-08,"Brother Canada ""Compatible with"" list. 6 mm, 8 m per tape, 5-pack, extra-strength adhesive. The page spec table says tape colour ""White"" while the title says black on white."
Brother,PT-E300VP,CA,label tape,HGES2115PK,Black on White,Original/OEM,,,verified,https://www.brother.ca/en/p/HGES2115PK,Brother Canada HGES2115PK HGe tape page,2026-10-08,"Brother Canada ""Compatible with"" list. 6 mm, 8 m per tape, 5-pack, extra-strength adhesive. The page spec table says tape colour ""White"" while the title says black on white."
Brother,PT-E500VP,CA,label tape,HGES2115PK,Black on White,Original/OEM,,,verified,https://www.brother.ca/en/p/HGES2115PK,Brother Canada HGES2115PK HGe tape page,2026-10-08,"Brother Canada ""Compatible with"" list. 6 mm, 8 m per tape, 5-pack, extra-strength adhesive. The page spec table says tape colour ""White"" while the title says black on white."
Brother,PT-E550WVP,CA,label tape,HGES2115PK,Black on White,Original/OEM,,,verified,https://www.brother.ca/en/p/HGES2115PK,Brother Canada HGES2115PK HGe tape page,2026-10-08,"Brother Canada ""Compatible with"" list. 6 mm, 8 m per tape, 5-pack, extra-strength adhesive. The page spec table says tape colour ""White"" while the title says black on white."
Brother,PT-P900W,CA,label tape,HGES2115PK,Black on White,Original/OEM,,,verified,https://www.brother.ca/en/p/HGES2115PK,Brother Canada HGES2115PK HGe tape page,2026-10-08,"Brother Canada ""Compatible with"" list. 6 mm, 8 m per tape, 5-pack, extra-strength adhesive. The page spec table says tape colour ""White"" while the title says black on white."
Brother,PT-P950NW,CA,label tape,HGES2115PK,Black on White,Original/OEM,,,verified,https://www.brother.ca/en/p/HGES2115PK,Brother Canada HGES2115PK HGe tape page,2026-10-08,"Brother Canada ""Compatible with"" list. 6 mm, 8 m per tape, 5-pack, extra-strength adhesive. The page spec table says tape colour ""White"" while the title says black on white."
Brother,PT-D800W,CA,label tape,HGES2115PK,Black on White,Original/OEM,,,verified,https://www.brother.ca/en/p/HGES2115PK,Brother Canada HGES2115PK HGe tape page,2026-10-08,"Brother Canada ""Compatible with"" list. 6 mm, 8 m per tape, 5-pack, extra-strength adhesive. The page spec table says tape colour ""White"" while the title says black on white."
Brother,PT-P900Wc,CA,label tape,HGES2115PK,Black on White,Original/OEM,,,verified,https://www.brother.ca/en/p/HGES2115PK,Brother Canada HGES2115PK HGe tape page,2026-10-08,"Brother Canada ""Compatible with"" list. 6 mm, 8 m per tape, 5-pack, extra-strength adhesive. The page spec table says tape colour ""White"" while the title says black on white."
Brother,PT-E510VP,CA,label tape,HGES2115PK,Black on White,Original/OEM,,,verified,https://www.brother.ca/en/p/HGES2115PK,Brother Canada HGES2115PK HGe tape page,2026-10-08,"Brother Canada ""Compatible with"" list. 6 mm, 8 m per tape, 5-pack, extra-strength adhesive. The page spec table says tape colour ""White"" while the title says black on white."
Brother,PT-E560BTVP,CA,label tape,HGES2115PK,Black on White,Original/OEM,,,verified,https://www.brother.ca/en/p/HGES2115PK,Brother Canada HGES2115PK HGe tape page,2026-10-08,"Brother Canada ""Compatible with"" list. 6 mm, 8 m per tape, 5-pack, extra-strength adhesive. The page spec table says tape colour ""White"" while the title says black on white."
Brother,PT-E310BTVP,CA,label tape,HGES2115PK,Black on White,Original/OEM,,,verified,https://www.brother.ca/en/p/HGES2115PK,Brother Canada HGES2115PK HGe tape page,2026-10-08,"Brother Canada ""Compatible with"" list. 6 mm, 8 m per tape, 5-pack, extra-strength adhesive. The page spec table says tape colour ""White"" while the title says black on white."
